Date,Strategy,Realized,CVaR_Ex_Ante,Turnover
2009-03-31,EqualWeight,0.06904296360568148,0.09501982544849638,
2009-03-31,MinVar,0.008963419624747462,0.006055607515163816,
2009-03-31,DRP,0.025474613860634175,0.027705453062716934,
2009-03-31,MinCVaR,0.010648103148119748,0.005448625403496929,
2009-03-31,MinCVaR_Cap,0.012607937101817642,0.014494541507620667,
2009-04-30,EqualWeight,0.08216625549337833,0.10365267477054038,0.0
2009-04-30,MinVar,0.002904903418151289,0.00661005700959791,0.016035084090013106
2009-04-30,DRP,0.0202526132426794,0.032348087958782086,0.02901332548477052
2009-04-30,MinCVaR,0.0009150732530987737,0.006305057063089904,0.09777429191090989
2009-04-30,MinCVaR_Cap,-0.003552841637667088,0.014570206007256873,0.030730113602452168
2009-05-31,EqualWeight,0.03853632191969501,0.10365267477054038,0.0
2009-05-31,MinVar,0.0031764491352428816,0.006566947657258427,0.004589503884696496
2009-05-31,DRP,0.011807396107982787,0.032389038999656464,0.006181712555644632
2009-05-31,MinCVaR,0.004587287151147522,0.006305057063089904,0.0
2009-05-31,MinCVaR_Cap,0.0008817321007657858,0.014570206007256873,0.0
2009-06-30,EqualWeight,0.00252377698819623,0.10365267477054038,0.0
2009-06-30,MinVar,-0.0006276283967956249,0.004535040986672497,0.004143072137429716
2009-06-30,DRP,0.0008540078905879515,0.02755405785269967,0.04799575958056897
2009-06-30,MinCVaR,0.0007600833090862579,0.004503092912110086,0.04642677038099986
2009-06-30,MinCVaR_Cap,0.0017934035983889908,0.011058108281186058,0.060584441291676075
2009-07-31,EqualWeight,0.06265593419086704,0.10365267477054038,0.0
2009-07-31,MinVar,0.004350399210095213,0.004530648094824953,0.0008066006203315755
2009-07-31,DRP,0.01798724695806755,0.02732274249525385,0.0031925512953664913
2009-07-31,MinCVaR,0.004700928887000364,0.004503092912110087,2.0469737016526324e-16
2009-07-31,MinCVaR_Cap,0.008320946970961876,0.0110581082811861,5.100954381109801e-15
2009-08-31,EqualWeight,0.029946056095681295,0.10365267477054038,0.0
2009-08-31,MinVar,0.004581726270929546,0.004526899687594393,0.0019840426283221054
2009-08-31,DRP,0.011185838494138348,0.027630494705646116,0.0040672463400816174
2009-08-31,MinCVaR,0.004642107889394674,0.004503092912110087,0.0
2009-08-31,MinCVaR_Cap,0.008209258408839903,0.01105810828118609,2.3865458220750924e-15
2009-09-30,EqualWeight,0.03489529456753222,0.10365267477054038,0.0
2009-09-30,MinVar,0.004491798611157963,0.004526473120893554,0.0009419142250189536
2009-09-30,DRP,0.011995326449341091,0.026888411333988883,0.00970721364796577
2009-09-30,MinCVaR,0.00435257687972243,0.004503092912110087,0.0
2009-09-30,MinCVaR_Cap,0.008319920309367344,0.01105810828118609,0.0
2009-10-31,EqualWeight,-0.02544020506515139,0.10365267477054038,0.0
2009-10-31,MinVar,0.00048390677017692434,0.004737775825204635,0.012057177625905096
2009-10-31,DRP,-0.005174635510695745,0.02661890401604615,0.0026662400753971007
2009-10-31,MinCVaR,0.00071256357915124,0.004503092912110087,0.0
2009-10-31,MinCVaR_Cap,0.0011377831741772831,0.01105810828118609,0.0
2009-11-30,EqualWeight,0.045406411625358564,0.10365267477054038,0.0
2009-11-30,MinVar,0.007900311716226205,0.0045661969260331215,0.011175493681912512
2009-11-30,DRP,0.017451640213431555,0.02646784193583413,0.0023522201776250205
2009-11-30,MinCVaR,0.008170039261683928,0.004503092912110087,0.0
2009-11-30,MinCVaR_Cap,0.011806513923279362,0.01105810828118609,0.0
2009-12-31,EqualWeight,0.019818608263482078,0.10365267477054038,0.0
2009-12-31,MinVar,-0.005920330839368148,0.00456216741993319,0.0009005717812398043
2009-12-31,DRP,-0.004696589706614102,0.026679990210580026,0.003809775332362612
2009-12-31,MinCVaR,-0.005431597739564626,0.00450309291211009,2.498001805406602e-16
2009-12-31,MinCVaR_Cap,-0.01806419537272233,0.01105810828118609,0.0
2010-01-31,EqualWeight,-0.024619300080693643,0.10365267477054038,0.0
2010-01-31,MinVar,0.004244007657570516,0.00438694812119091,0.004139750272379065
2010-01-31,DRP,0.0009735430318238781,0.027279312150554548,0.007662385201698786
2010-01-31,MinCVaR,0.006345648161402406,0.004298975673315113,0.03297859000785677
2010-01-31,MinCVaR_Cap,0.01249036364786901,0.011058108281186065,5.452235884995105e-15
2010-02-28,EqualWeight,0.026581134935972493,0.10365267477054038,0.0
2010-02-28,MinVar,0.002891919911880071,0.005265067911417129,0.00736376008427499
2010-02-28,DRP,0.007642184210695961,0.02866807986569539,0.015441918440367576
2010-02-28,MinCVaR,0.0036433059217988446,0.004848612925919003,0.050912756425211286
2010-02-28,MinCVaR_Cap,0.0011590904063204094,0.014270895174743378,0.04456979796098504
2010-03-31,EqualWeight,0.04682540855659186,0.10365267477054038,0.0
2010-03-31,MinVar,0.00023470701849252198,0.005201828563468609,0.003901511611752492
2010-03-31,DRP,0.009500410820261054,0.028137506509845735,0.007277677905017124
2010-03-31,MinCVaR,0.0017094162597101818,0.004842279505521396,0.00043880465948342804
2010-03-31,MinCVaR_Cap,-0.0007277027763266323,0.014270895174743411,2.40692882291782e-15
2010-04-30,EqualWeight,0.023345070182396038,0.10365267477054038,0.0
2010-04-30,MinVar,0.003731844683352197,0.005268528668697494,0.007284432679805615
2010-04-30,DRP,0.00979496830665755,0.02794844032478803,0.0020687203117661776
2010-04-30,MinCVaR,0.003623330421328054,0.004842279505521396,0.0
2010-04-30,MinCVaR_Cap,0.009000014500887317,0.014270895174743411,0.0
2010-05-31,EqualWeight,-0.05989954035893891,0.10365267477054038,0.0
2010-05-31,MinVar,0.0006522058975633269,0.005264432070044928,0.0027377645604999166
2010-05-31,DRP,-0.010066539748281964,0.027060593499852743,0.01026618204045338
2010-05-31,MinCVaR,-0.0007724731570825094,0.0048422795055214005,2.458970527197124e-16
2010-05-31,MinCVaR_Cap,0.006005818270516111,0.014270895174743413,1.8561541192951836e-15
2010-06-30,EqualWeight,-0.040811450061900845,0.10365267477054038,0.0
2010-06-30,MinVar,0.0014103069167084228,0.005162656323647518,0.007915892970221366
2010-06-30,DRP,-0.0037866364831542704,0.02695391844754049,0.0025412732539836515
2010-06-30,MinCVaR,0.0003794515745396917,0.0048422795055214005,0.0
2010-06-30,MinCVaR_Cap,0.012776854061874976,0.014270895174743413,0.0
2010-07-31,EqualWeight,0.05486441965188618,0.10365267477054038,0.0
2010-07-31,MinVar,0.005170173159165995,0.005153694326575658,0.00458620900767577
2010-07-31,DRP,0.01568845219566616,0.026940393821825545,0.007121786088279412
2010-07-31,MinCVaR,0.006450790005699357,0.0048422795055214005,0.0
2010-07-31,MinCVaR_Cap,0.00928166942834353,0.014270895174743413,0.0
2010-08-31,EqualWeight,-0.0310173237039309,0.10365267477054038,0.0
2010-08-31,MinVar,-0.00038329254117530154,0.005129921054510924,0.0017105292303843803
2010-08-31,DRP,-0.0014907875502910423,0.02706746128399106,0.0046087340648085645
2010-08-31,MinCVaR,-0.0014222914008385442,0.0048422795055214005,0.0
2010-08-31,MinCVaR_Cap,0.011441915827102113,0.014270895174743413,0.0
2010-09-30,EqualWeight,0.06959240754417903,0.10365267477054038,0.0
2010-09-30,MinVar,0.006174627620467721,0.0053361337138930895,0.013170939803213771
2010-09-30,DRP,0.017593042505011293,0.02671682982281756,0.004313242087787393
2010-09-30,MinCVaR,0.008148606097979096,0.0048422795055214005,0.0
2010-09-30,MinCVaR_Cap,0.002123238740430396,0.014270895174743413,0.0
2010-10-31,EqualWeight,0.028391647172019186,0.10365267477054038,0.0
2010-10-31,MinVar,0.004426169826467735,0.005175439841096937,0.01138968056320213
2010-10-31,DRP,0.007999715288974887,0.026826794401549982,0.003779621282460524
2010-10-31,MinCVaR,0.005629724192238716,0.0048422795055214005,0.0
2010-10-31,MinCVaR_Cap,0.002201317220002072,0.014270895174743413,0.0
2010-11-30,EqualWeight,0.0035539116117178507,0.10365267477054038,0.0
2010-11-30,MinVar,-0.002655175667585969,0.005127062980600876,0.004929632865887253
2010-11-30,DRP,-0.0025508492971989616,0.025904066977828082,0.00886820145167487
2010-11-30,MinCVaR,-0.0030013223266960407,0.004842279505521399,2.7289368681460147e-16
2010-11-30,MinCVaR_Cap,-0.007368229418755099,0.01427089517474343,8.795048023202412e-16
2010-12-31,EqualWeight,0.04797206879119127,0.10365267477054038,0.0
2010-12-31,MinVar,0.0007133954721663756,0.005168445489026488,0.0047976035486931275
2010-12-31,DRP,0.006791644083937084,0.025223690764537354,0.007761378853585741
2010-12-31,MinCVaR,0.0019325577503657505,0.004842279505521397,1.0061396160665481e-16
2010-12-31,MinCVaR_Cap,-0.006008745063638346,0.01427089517474343,0.0
2011-01-31,EqualWeight,0.011903313955549662,0.10365267477054038,0.0
2011-01-31,MinVar,0.002386418571260992,0.005288706822320173,0.01094924509477069
2011-01-31,DRP,0.002888884469998179,0.025644516795486356,0.004199159719085308
2011-01-31,MinCVaR,0.0032236440477968293,0.004842279505521396,1.2902005852577503e-16
2011-01-31,MinCVaR_Cap,0.0007546932433733666,0.014270895174743399,1.1761425167122752e-15
2011-02-28,EqualWeight,0.03047548918314782,0.10365267477054038,0.0
2011-02-28,MinVar,0.00015298518063230925,0.005285324621310621,0.0010406539113000661
2011-02-28,DRP,0.007010438710189636,0.025477213927369464,0.0015235481585700195
2011-02-28,MinCVaR,0.0002548277882521376,0.004842279505521402,2.3993394077104213e-16
2011-02-28,MinCVaR_Cap,0.0014980110204788912,0.014270895174743406,9.020562075079397e-16
2011-03-31,EqualWeight,0.006576025394315628,0.10365267477054038,0.0
2011-03-31,MinVar,-0.0014581576609090036,0.005286251862037636,0.00037181812782053074
2011-03-31,DRP,0.0007960472602175927,0.025543138558035517,0.0006294841021919594
2011-03-31,MinCVaR,-0.0022076729593489995,0.004842279505521402,0.0
2011-03-31,MinCVaR_Cap,-0.0015085055914791626,0.014270895174743406,0.0
2011-04-30,EqualWeight,0.026247461072408888,0.10365267477054038,0.0
2011-04-30,MinVar,0.006218529138558548,0.005119735480070096,0.009583236766063357
2011-04-30,DRP,0.012575695933651546,0.025140975858901304,0.005265785233888433
2011-04-30,MinCVaR,0.006660172986599018,0.004842279505521395,2.717010644248674e-16
2011-04-30,MinCVaR_Cap,0.013317764101947537,0.014270895174743402,5.030698080332741e-16
2011-05-31,EqualWeight,-0.0054218318919379,0.10365267477054038,0.0
2011-05-31,MinVar,0.0027029280908864553,0.0054475113766348825,0.018137969742465374
2011-05-31,DRP,0.004065364006118537,0.025341918008938077,0.003417151761873063
2011-05-31,MinCVaR,0.0027515132782447694,0.0048422795055214005,4.66423774603264e-16
2011-05-31,MinCVaR_Cap,0.01047580197696072,0.014270895174743413,1.5170156797417178e-15
2011-06-30,EqualWeight,-0.014718092864448168,0.10365267477054038,0.0
2011-06-30,MinVar,-0.0010661733812156698,0.005431564676601086,0.0010293449524485857
2011-06-30,DRP,-0.004361445309611458,0.025511610779874853,0.0018884181198937557
2011-06-30,MinCVaR,-0.001644012291616763,0.0048422795055214005,0.0
2011-06-30,MinCVaR_Cap,-0.0025899500879818524,0.014270895174743413,0.0
2011-07-31,EqualWeight,-0.01409974849918862,0.10365267477054038,0.0
2011-07-31,MinVar,0.002431650977316367,0.005404175828761206,0.002324777156828338
2011-07-31,DRP,0.002830825313583745,0.02531785901722667,0.0029183554115914884
2011-07-31,MinCVaR,0.002933985810576381,0.0048422795055214005,7.412690253283394e-16
2011-07-31,MinCVaR_Cap,0.01196580755639235,0.014270895174743416,1.929879867024198e-15
2011-08-31,EqualWeight,-0.04187826652807561,0.10365267477054038,0.0
2011-08-31,MinVar,0.0003595339778526376,0.005267699198107246,0.0074973126272212705
2011-08-31,DRP,-0.0021103953914835064,0.025638225395646093,0.004143186218259024
2011-08-31,MinCVaR,-0.00022390229155294173,0.004842279505521398,5.618335657819884e-16
2011-08-31,MinCVaR_Cap,0.013434355746067796,0.014270895174743406,5.0133508455729725e-16
2011-09-30,EqualWeight,-0.06262861932055544,0.10365267477054038,0.0
2011-09-30,MinVar,-0.004083968242617249,0.005403089632522279,0.007648503374328347
2011-09-30,DRP,-0.010529445279584942,0.025529587097469185,0.0009600207661121436
2011-09-30,MinCVaR,-0.0029301404628016407,0.004842279505521398,0.0
2011-09-30,MinCVaR_Cap,0.005219734878047156,0.014270895174743406,0.0
2011-10-31,EqualWeight,0.08758876896590867,0.10365267477054038,0.0
2011-10-31,MinVar,0.004964191160607841,0.00522074961985672,0.011595012308183461
2011-10-31,DRP,0.019089728393622787,0.025215869263212197,0.0033018501992677215
2011-10-31,MinCVaR,0.0065361774329203755,0.004842279505521396,1.349831704744453e-16
2011-10-31,MinCVaR_Cap,0.0021040116674001536,0.014270895174743406,3.443426099813962e-16
2011-11-30,EqualWeight,-0.0014349672826079402,0.10365267477054038,0.0
2011-11-30,MinVar,-0.00023790421688866316,0.005092563173372806,0.007911706225353006
2011-11-30,DRP,0.00066988026247668,0.026487626675685886,0.022210626557184202
2011-11-30,MinCVaR,-0.0005287837384493942,0.004842279505521397,1.315137235224917e-16
2011-11-30,MinCVaR_Cap,-0.0010802645999102984,0.014270895174743406,4.0419056990259605e-16
2011-12-31,EqualWeight,0.010213112761665004,0.10365267477054038,0.0
2011-12-31,MinVar,0.0004039294513942307,0.005104607290717776,0.0008942229429684484
2011-12-31,DRP,0.0061597551247345944,0.025910960049106698,0.00609767113377946
2011-12-31,MinCVaR,0.00037458651117768443,0.004842279505521397,1.614377034830916e-16
2011-12-31,MinCVaR_Cap,0.010446665740549171,0.014270895174743416,4.701100619897147e-16
2012-01-31,EqualWeight,0.040435281987288574,0.10365267477054038,0.0
2012-01-31,MinVar,0.0032256849716662383,0.005123956542286438,0.003051519450878141
2012-01-31,DRP,0.01035749491111275,0.025877185493009443,0.0010264374944091844
2012-01-31,MinCVaR,0.004563871480006449,0.004842279505521397,0.0
2012-01-31,MinCVaR_Cap,0.003363878512777788,0.014270895174743416,7.875644580934704e-16
2012-02-29,EqualWeight,0.026284473639341673,0.10365267477054038,0.0
2012-02-29,MinVar,0.0015768565612645175,0.005128547353337405,0.0007793487358757658
2012-02-29,DRP,0.003953682333024957,0.025654658385778403,0.002793723120049709
2012-02-29,MinCVaR,0.003049204751165769,0.004842279505521398,1.459336124165489e-16
2012-02-29,MinCVaR_Cap,-0.0010075210968945357,0.014270895174743413,4.865899350114944e-16
2012-03-31,EqualWeight,0.017455939855668987,0.10365267477054038,0.0
2012-03-31,MinVar,0.001168601397263526,0.005134504402647842,0.0004009032884214551
2012-03-31,DRP,0.0008033806130195498,0.0254290657862694,0.003435931093848584
2012-03-31,MinCVaR,0.0020986215366336205,0.004842279505521397,7.28583859910259e-17
2012-03-31,MinCVaR_Cap,-0.004246418411430688,0.014270895174743413,0.0
2012-04-30,EqualWeight,-0.0008150873724505851,0.10365267477054038,0.0
2012-04-30,MinVar,0.0015599354730419202,0.00530457429430371,0.010288172726589669
2012-04-30,DRP,0.004871299354809304,0.025188888920575712,0.0029236558701759164
2012-04-30,MinCVaR,0.0011819473159612012,0.004842279505521409,7.895160220039443e-16
2012-04-30,MinCVaR_Cap,0.008454052980617154,0.014270895174743415,6.487865800153259e-16
2012-05-31,EqualWeight,-0.04240216478322001,0.10365267477054038,0.0
2012-05-31,MinVar,-0.0020604964237246116,0.0051611279348644495,0.007949190675790373
2012-05-31,DRP,-0.003755989994655033,0.025214574594690523,0.0008635966982002397
2012-05-31,MinCVaR,-0.0036230993243173025,0.004842279505521399,5.496905014501507e-16
2012-05-31,MinCVaR_Cap,0.008262635191523714,0.01427089517474343,9.246076126956382e-16
2012-06-30,EqualWeight,0.030108519376481627,0.10365267477054038,0.0
2012-06-30,MinVar,0.000730024597604368,0.005169537701442791,0.0015246098942394057
2012-06-30,DRP,0.005664409724077054,0.025137949116105146,0.0021593166014663074
2012-06-30,MinCVaR,0.0011723921002846016,0.004842279505521397,2.1011838102769076e-16
2012-06-30,MinCVaR_Cap,0.0012464937081077805,0.01427089517474341,8.40473524110763e-16
2012-07-31,EqualWeight,0.009393764607811154,0.10365267477054038,0.0
2012-07-31,MinVar,0.003073737912324179,0.005214815721164683,0.002963757283832243
2012-07-31,DRP,0.0071982499807474246,0.025572384362076248,0.008241108027337473
2012-07-31,MinCVaR,0.003247423684775547,0.004842279505521397,0.0
2012-07-31,MinCVaR_Cap,0.01034088502052978,0.01427089517474341,0.0
2012-08-31,EqualWeight,0.01683201710833009,0.10365267477054038,0.0
2012-08-31,MinVar,0.001101303355400587,0.005211561264454606,0.00021146494648876287
2012-08-31,DRP,0.002812508901450039,0.02568293465399242,0.0026343569412130303
2012-08-31,MinCVaR,0.0026405720618715794,0.004842279505521399,1.9092800257469733e-16
2012-08-31,MinCVaR_Cap,-0.002175134452747992,0.01427089517474341,7.641456911677835e-16
2012-09-30,EqualWeight,0.01984913015929235,0.10365267477054038,0.0
2012-09-30,MinVar,0.0008477289212023304,0.005184648155970618,0.003304296634361963
2012-09-30,DRP,0.003991568263469682,0.025710385063073524,0.0005609174212749578
2012-09-30,MinCVaR,0.001133422443390517,0.004842279505521397,7.784571598445922e-17
2012-09-30,MinCVaR_Cap,0.0017598257415776567,0.014270895174743416,7.41594285980085e-16
2012-10-31,EqualWeight,-0.011275694337568844,0.10365267477054038,0.0
2012-10-31,MinVar,-0.003169132140349662,0.005167827995384948,0.0015230911803554381
2012-10-31,DRP,-0.003027526653600271,0.02459583323247979,0.015642733459900422
2012-10-31,MinCVaR,-0.004802762741385301,0.004842279505521397,9.432558900623889e-17
2012-10-31,MinCVaR_Cap,0.00032149882698247374,0.01427089517474341,3.3219954564955856e-16
2012-11-30,EqualWeight,0.006354923334279507,0.10365267477054038,0.0
2012-11-30,MinVar,0.00020102976862247762,0.005173644738753989,0.0015935802429938126
2012-11-30,DRP,0.0021994426334220264,0.024149439877805587,0.00736191082503854
2012-11-30,MinCVaR,0.0007470631864425323,0.004842279505521397,0.0
2012-11-30,MinCVaR_Cap,-8.11357283317317e-05,0.01427089517474341,0.0
2012-12-31,EqualWeight,0.010178865530471363,0.10365267477054038,0.0
2012-12-31,MinVar,9.080151357048811e-05,0.005230844805527182,0.0061222300293211854
2012-12-31,DRP,0.0003879228945391262,0.02413372272472844,0.0011953046408263212
2012-12-31,MinCVaR,1.3398145023668146e-05,0.00495267511303611,0.0076486485852507585
2012-12-31,MinCVaR_Cap,-0.002100776747086863,0.014270895174743406,1.0902737046514233e-15
2013-01-31,EqualWeight,0.04061322199128921,0.10365267477054038,0.0
2013-01-31,MinVar,0.0015801914483798553,0.005332219725897319,0.006861191002224651
2013-01-31,DRP,0.006526115009656452,0.021953646272711257,0.029169806796220245
2013-01-31,MinCVaR,0.0014120239815050889,0.004952675113036114,1.3270634591222574e-16
2013-01-31,MinCVaR_Cap,-0.0020987303792421603,0.014270895174743442,1.0330278299441886e-15
2013-02-28,EqualWeight,0.011024457733178936,0.10365267477054038,0.0
2013-02-28,MinVar,0.001254564291342761,0.005328494803169855,0.0002697591211137191
2013-02-28,DRP,0.004052344309599181,0.022040948008512022,0.001019345705160232
2013-02-28,MinCVaR,0.0011238784539602921,0.004952675113036113,6.461844948013606e-17
2013-02-28,MinCVaR_Cap,0.005279920797669282,0.014270895174743491,8.154067698828982e-15
2013-03-31,EqualWeight,0.03119703122745714,0.10365267477054038,0.0
2013-03-31,MinVar,0.0018383886178331556,0.005387919246388001,0.007571991828501001
2013-03-31,DRP,0.0067096022798474415,0.021138021747647277,0.01092403659956795
2013-03-31,MinCVaR,0.0020103301604524216,0.00495267511303611,1.5829351718288365e-16
2013-03-31,MinCVaR_Cap,0.003351582346682173,0.014270895174743491,0.0
2013-04-30,EqualWeight,0.01493360879044294,0.10365267477054038,0.0
2013-04-30,MinVar,0.001701745700780221,0.005515906073395117,0.010801713848838788
2013-04-30,DRP,0.006304931819925776,0.020815601735431167,0.004656357430238191
2013-04-30,MinCVaR,0.0019200770986782072,0.00495267511303611,0.0
2013-04-30,MinCVaR_Cap,0.009341741744077443,0.014270895174743491,0.0
2013-05-31,EqualWeight,0.008509709515035413,0.10365267477054038,0.0
2013-05-31,MinVar,-0.0019503870090381247,0.005727777077039777,0.01212673664707133
2013-05-31,DRP,-0.005146022659941996,0.020736609762021366,0.0008926142918461236
2013-05-31,MinCVaR,-0.00021729303245823436,0.00495267511303611,0.0
2013-05-31,MinCVaR_Cap,-0.01814888628499662,0.014270895174743491,0.0
2013-06-30,EqualWeight,-0.01537486763857599,0.10365267477054038,0.0
2013-06-30,MinVar,-0.001423912593055196,0.004536251289886361,0.014999861195712496
2013-06-30,DRP,-0.0067416793921151975,0.01979545862780528,0.012883505244783672
2013-06-30,MinCVaR,-0.0014840784593801728,0.004230463551720579,0.043948650362505275
2013-06-30,MinCVaR_Cap,-0.01060913792397201,0.01427089517474342,6.069797442442848e-15
2013-07-31,EqualWeight,0.04278636142742039,0.10365267477054038,0.0
2013-07-31,MinVar,0.0027941298228049273,0.00441409080949321,0.010495226274422256
2013-07-31,DRP,0.008724200886977694,0.01960333589345714,0.005184916637622274
2013-07-31,MinCVaR,0.0020692033659057783,0.004164489466476256,0.010797088006683065
2013-07-31,MinCVaR_Cap,0.004944597149607084,0.01450017318581809,0.06215423312320161
2013-08-31,EqualWeight,-0.02645813420891429,0.10365267477054038,0.0
2013-08-31,MinVar,-0.0016812198030942813,0.004713676207517157,0.015388264367767725
2013-08-31,DRP,-0.007402891797205978,0.020124203173820705,0.005296807533154413
2013-08-31,MinCVaR,-0.0010906293310410243,0.004164489466476256,0.0
2013-08-31,MinCVaR_Cap,-0.007572849575644303,0.0145001731858181,4.0332320816460765e-16
2013-09-30,EqualWeight,0.03239933676116871,0.10365267477054038,0.0
2013-09-30,MinVar,0.0033068984772529507,0.004616491286453653,0.004194010535430482
2013-09-30,DRP,0.009039328322458209,0.020289492627671307,0.0032495996971369664
2013-09-30,MinCVaR,0.0025768274662523356,0.004164489466476256,0.0
2013-09-30,MinCVaR_Cap,0.008854511824716093,0.0145001731858181,0.0
2013-10-31,EqualWeight,0.03335246809725084,0.10365267477054038,0.0
2013-10-31,MinVar,0.001474581865892763,0.004717516590091103,0.005902274430031047
2013-10-31,DRP,0.00821569217970463,0.020306817415466614,0.0015290976523021377
2013-10-31,MinCVaR,0.00104442562510166,0.0041644894664762564,3.5735303605122226e-16
2013-10-31,MinCVaR_Cap,0.0069375775671414765,0.01450017318581808,1.996666720849305e-15
2013-11-30,EqualWeight,0.018003287231116386,0.09888709500294912,0.0
2013-11-30,MinVar,0.001713832970746066,0.00483042403359397,0.011130866713531433
2013-11-30,DRP,0.0028358306122707195,0.021922268989833363,0.04852111483200728
2013-11-30,MinCVaR,0.0012424441092967924,0.0041644894664762564,0.0
2013-11-30,MinCVaR_Cap,-0.0005812106070436287,0.013884012215312557,0.11373446723235073
2013-12-31,EqualWeight,0.016974645909567997,0.07366425852552919,0.0
2013-12-31,MinVar,-0.0012649061606514263,0.004352785422652475,0.01129257336061072
2013-12-31,DRP,0.0013068987867720994,0.023738091587028408,0.19550159337847864
2013-12-31,MinCVaR,-0.0014781131734041002,0.0041644894664762564,0.0
2013-12-31,MinCVaR_Cap,-0.0029798995653637847,0.012671049186959375,0.15026201248154977
2014-01-31,EqualWeight,-0.01863652244166671,0.07366425852552919,0.0
2014-01-31,MinVar,0.0017510342769821653,0.0041953815376394735,0.006838948388941212
2014-01-31,DRP,0.0022128020915487307,0.02393286774340983,0.003620707166276427
2014-01-31,MinCVaR,0.0017779908763289067,0.0041644894664762564,0.0
2014-01-31,MinCVaR_Cap,0.008541573357335516,0.012671049186959375,0.0
2014-02-28,EqualWeight,0.03711574616363319,0.07366425852552919,0.0
2014-02-28,MinVar,0.0008825397426941448,0.004185876839808634,0.0028885443724884037
2014-02-28,DRP,0.013138938262098724,0.023560222564277228,0.03138941469332501
2014-02-28,MinCVaR,0.0008020990136167994,0.004164489466476256,5.145623510616204e-16
2014-02-28,MinCVaR_Cap,0.005631590881359157,0.012671049186959393,1.0356299151581538e-15
2014-03-31,EqualWeight,0.004719306750926389,0.06504023272459986,0.0
2014-03-31,MinVar,-0.0012265933235630342,0.0034513124606553552,0.002896248715996555
2014-03-31,DRP,0.0011437081992516185,0.01753145506531565,0.04764639203614652
2014-03-31,MinCVaR,-0.0010810126636627891,0.0034369134400253514,0.01547702923665633
2014-03-31,MinCVaR_Cap,-0.001015050675137335,0.009716263138909878,0.1511049658662894
2014-04-30,EqualWeight,0.002555374534057782,0.0517021477476975,0.0
2014-04-30,MinVar,0.0005677769774031852,0.003169342319443931,0.008667466069018777
2014-04-30,DRP,0.00560658399185553,0.011803875429857905,0.02573613737103992
2014-04-30,MinCVaR,0.0019134851418089207,0.0031360435683712874,0.057326696877352604
2014-04-30,MinCVaR_Cap,0.0021138154043621304,0.006745568040596435,0.1603824908525323
2014-05-31,EqualWeight,0.018041080388284524,0.0517021477476975,0.0
2014-05-31,MinVar,0.0021722405874174447,0.0031688240783649974,0.01665569476912591
2014-05-31,DRP,0.012201729791637889,0.011683302840283648,0.02078123181130778
2014-05-31,MinCVaR,0.002894384960211785,0.0031360435683712917,1.8691645453650096e-16
2014-05-31,MinCVaR_Cap,0.011247030876724882,0.006745568040596509,2.5971412520586767e-14
2014-06-30,EqualWeight,0.02187985782939371,0.0517021477476975,0.0
2014-06-30,MinVar,-4.195670751194221e-05,0.0031738989347241155,0.008133172730469193
2014-06-30,DRP,0.0064194262195293676,0.01170344467664044,0.009576058248442099
2014-06-30,MinCVaR,0.001958554077676297,0.0031360435683712917,0.0
2014-06-30,MinCVaR_Cap,0.003120183185899703,0.006745568040596509,0.0
2014-07-31,EqualWeight,-0.022464596259636323,0.0517021477476975,0.0
2014-07-31,MinVar,-0.0016415419811188982,0.003147021488540569,0.005600941326508644
2014-07-31,DRP,-0.007445632823585655,0.011682941377576177,0.005222814064558761
2014-07-31,MinCVaR,-0.0028502362871240514,0.00313604356837129,7.448468924975415e-16
2014-07-31,MinCVaR_Cap,-0.002706782146788848,0.006745568040596509,0.0
2014-08-31,EqualWeight,0.03647261158024128,0.0517021477476975,0.0
2014-08-31,MinVar,0.002693055807056406,0.0031579814797051764,0.008602550709301935
2014-08-31,DRP,0.019630664765624885,0.011618753460940514,0.0032109422220931248
2014-08-31,MinCVaR,0.005077870561377552,0.0031360435683712882,8.8557633448616e-16
2014-08-31,MinCVaR_Cap,0.013744309495216413,0.006745568040596436,2.726811831887943e-14
2014-09-30,EqualWeight,-0.023632378180796824,0.0517021477476975,0.0
2014-09-30,MinVar,-0.0010978545033199238,0.003223349417039498,0.007158369913407156
2014-09-30,DRP,-0.011955094975851526,0.011845657277588404,0.016003968094034496
2014-09-30,MinCVaR,-0.002012213318800395,0.003136043568371303,9.62988369601625e-16
2014-09-30,MinCVaR_Cap,-0.007550675729125468,0.006745568040596425,1.2984405217686401e-15
2014-10-31,EqualWeight,0.02663929267814133,0.0517021477476975,0.0
2014-10-31,MinVar,0.0031823513424579382,0.003222003658761957,0.005806666471507065
2014-10-31,DRP,0.014746971622198957,0.011493160708115891,0.018002221060075707
2014-10-31,MinCVaR,0.006060933429669189,0.003136043568371303,0.0
2014-10-31,MinCVaR_Cap,0.00983351077762812,0.006745568040596425,0.0
2014-11-30,EqualWeight,0.016962471689290298,0.0517021477476975,0.0
2014-11-30,MinVar,0.001722771417574254,0.0032349238102724574,0.0019393478937078405
2014-11-30,DRP,0.010466785201531627,0.011675568069822822,0.008114446290778714
2014-11-30,MinCVaR,0.0033100919483771106,0.003136043568371303,0.0
2014-11-30,MinCVaR_Cap,0.011451587185872001,0.006956792453233545,0.07924604831518703
2014-12-31,EqualWeight,0.004683180322434496,0.0517021477476975,0.0
2014-12-31,MinVar,-0.0031513025985128607,0.0032507150866198575,0.003751189294142496
2014-12-31,DRP,0.0033714501677749556,0.012058873547348463,0.019423895985367316
2014-12-31,MinCVaR,-0.002146634689487757,0.003136043568371293,1.4423141500574665e-15
2014-12-31,MinCVaR_Cap,-0.0014861437728419047,0.006956792453233739,1.7608527483337078e-14
2015-01-31,EqualWeight,-0.011923579451475852,0.0517021477476975,0.0
2015-01-31,MinVar,0.005359787044688333,0.0032869145692765098,0.00446866610502604
2015-01-31,DRP,0.013079021995346865,0.011382807309257479,0.032384416861906073
2015-01-31,MinCVaR,0.004927279778619269,0.003136043568371293,0.0
2015-01-31,MinCVaR_Cap,0.008205548678898219,0.006956792453233546,1.7471267488300413e-14
2015-02-28,EqualWeight,0.03490649285972504,0.0517021477476975,0.0
2015-02-28,MinVar,-0.0018314493655690008,0.0022635380592487004,0.015380911153996304
2015-02-28,DRP,4.6593821052473994e-05,0.010558537887352833,0.044575311819439356
2015-02-28,MinCVaR,-0.002512028053099816,0.0017456865119805918,0.07136015562165249
2015-02-28,MinCVaR_Cap,0.006552581374423691,0.006956792453233532,1.7871988611251055e-15
2015-03-31,EqualWeight,-0.006031064934810355,0.0517021477476975,0.0
2015-03-31,MinVar,0.0023596095193799773,0.002319309468065635,0.005972190763596085
2015-03-31,DRP,0.0007028394311828881,0.011030675757196639,0.030030163953738826
2015-03-31,MinCVaR,0.002819128550770092,0.0017456865119805918,0.0
2015-03-31,MinCVaR_Cap,0.0007309330736202271,0.006956792453233532,0.0
2015-04-30,EqualWeight,0.00030712192327564066,0.0517021477476975,0.0
2015-04-30,MinVar,0.00032668699691077677,0.0024023616206893844,0.0010769458022442011
2015-04-30,DRP,-0.003416680101344467,0.011074211206715052,0.0034697800899378102
2015-04-30,MinCVaR,-3.276010509856435e-05,0.0018076568291030353,0.025259063635287266
2015-04-30,MinCVaR_Cap,-0.0004254261513859412,0.006956792453233532,0.0
2015-05-31,EqualWeight,0.007074208214492955,0.0517021477476975,0.0
2015-05-31,MinVar,0.0006966626179336026,0.0023923227751774002,0.0009171058908304209
2015-05-31,DRP,-0.0005464644222851458,0.011209917927698734,0.005106505858657676
2015-05-31,MinCVaR,0.00033110382390836505,0.0018076568291030377,2.5565487227208195e-16
2015-05-31,MinCVaR_Cap,0.0019138761353615454,0.006956792453233555,1.959803846984798e-15
2015-06-30,EqualWeight,-0.01722429984817234,0.0517021477476975,0.0
2015-06-30,MinVar,0.00024322307301158597,0.002393087150580419,6.983006004805893e-05
2015-06-30,DRP,-0.011029668602778105,0.010997214482440405,0.012826956944906508
2015-06-30,MinCVaR,-0.0005282792841197513,0.0018076568291030435,7.65229893340269e-16
2015-06-30,MinCVaR_Cap,-0.006738102889721369,0.006956792453233579,2.908480747909614e-15
2015-07-31,EqualWeight,0.010609017868498154,0.046930125173437975,0.0
2015-07-31,MinVar,0.0008907296759879952,0.002374308610954911,0.0017155268791797492
2015-07-31,DRP,0.010116163504052193,0.011359414752561383,0.030721193654953606
2015-07-31,MinCVaR,0.0016269383958082923,0.0018076568291030435,0.0
2015-07-31,MinCVaR_Cap,0.011019791046100898,0.006892848316582299,0.03251966032494484
2015-08-31,EqualWeight,-0.0481118308050104,0.04448159358394549,0.0
2015-08-31,MinVar,-0.0013670151868265322,0.00235870412090857,0.0014255593163391084
2015-08-31,DRP,-0.0174738608294884,0.011763934838061433,0.013181764101243089
2015-08-31,MinCVaR,-0.0022852277207767585,0.0018076568291030435,0.0
2015-08-31,MinCVaR_Cap,-0.014776303517106577,0.007009479313215031,0.029367249325600364
2015-09-30,EqualWeight,-0.022617987889784356,0.04448159358394549,0.0
2015-09-30,MinVar,0.0025508768449585897,0.0023648090612640926,0.0005577211798441716
2015-09-30,DRP,-0.002792135776262271,0.011548069252097379,0.011961942923012003
2015-09-30,MinCVaR,0.002417244615377266,0.0018076568291030435,0.0
2015-09-30,MinCVaR_Cap,-8.103778133258972e-06,0.007009479313215031,0.0
2015-10-31,EqualWeight,0.056649749727038415,0.04875522035921537,0.0
2015-10-31,MinVar,-0.0007308854279500531,0.0023476252063689843,0.0015698433184036392
2015-10-31,DRP,0.01720027958468446,0.012913790249796366,0.011758519944664082
2015-10-31,MinCVaR,0.00032505449173868186,0.001890815424815426,0.01755864284148992
2015-10-31,MinCVaR_Cap,0.008537632714972088,0.008193589474766973,0.16334960070402094
2015-11-30,EqualWeight,0.005245966716780007,0.04875522035921537,0.0
2015-11-30,MinVar,-0.002331316845413613,0.00236342798057298,0.0013654791833815243
2015-11-30,DRP,-0.0008920486282552444,0.012672443443837222,0.014515771274697116
2015-11-30,MinCVaR,-0.0026216967535298485,0.001890815424815426,0.0
2015-11-30,MinCVaR_Cap,-0.002649154020223135,0.008193589474766973,0.0
2015-12-31,EqualWeight,-0.022387506835063287,0.04875522035921537,0.0
2015-12-31,MinVar,-0.0019731180587172622,0.0023722042497546936,0.0011367247224687886
2015-12-31,DRP,-0.00786422673608898,0.012073463397907682,0.024071821498390315
2015-12-31,MinCVaR,-0.002047758161757486,0.0018908154248154251,1.687018580387445e-16
2015-12-31,MinCVaR_Cap,-0.006273486035516883,0.008193589474766973,0.0
2016-01-31,EqualWeight,-0.039637943762404794,0.04875522035921537,0.0
2016-01-31,MinVar,0.005222145525996168,0.002427581705611704,0.0017506283151964576
2016-01-31,DRP,-0.001957917707166754,0.012089445405370679,0.0025725709649574834
2016-01-31,MinCVaR,0.004983175521303132,0.0020307238423961237,0.021538235154930023
2016-01-31,MinCVaR_Cap,0.005021390903196947,0.00819358947476697,2.192690473634684e-15
2016-02-29,EqualWeight,0.006788149585442145,0.04875522035921537,0.0
2016-02-29,MinVar,0.0007539454346364286,0.0024110251648270025,0.0012619498756976822
2016-02-29,DRP,0.006207252502134315,0.012358997365835525,0.012480754811933236
2016-02-29,MinCVaR,0.0012298551407166239,0.002103794401277255,0.01303364192343176
2016-02-29,MinCVaR_Cap,0.007095323201727998,0.00819358947476697,1.3270634591222574e-15
2016-03-31,EqualWeight,0.05708165830276678,0.04875522035921537,0.0
2016-03-31,MinVar,0.002439763808756989,0.0024266989571712664,0.00377230464796268
2016-03-31,DRP,0.01917026033699195,0.011953535427652609,0.016561174765210965
2016-03-31,MinCVaR,0.002702411288027107,0.002103794401277255,0.0
2016-03-31,MinCVaR_Cap,0.011590634698707896,0.00819358947476697,0.0
2016-04-30,EqualWeight,0.009246151850508422,0.04875522035921537,0.0
2016-04-30,MinVar,0.0009046164141286294,0.002425577050127071,0.0002700160283132086
2016-04-30,DRP,0.002426767129760546,0.012169241386069502,0.008724724056036474
2016-04-30,MinCVaR,0.0003829846629176986,0.002103794401277255,0.0
2016-04-30,MinCVaR_Cap,0.0033358285742405886,0.00819358947476697,0.0
2016-05-31,EqualWeight,0.01151984534388107,0.04875522035921537,0.0
2016-05-31,MinVar,-0.0008911303548527528,0.0024239441608693594,0.0003929971509882485
2016-05-31,DRP,0.0031688094554613005,0.012107983743481805,0.005584623786313956
2016-05-31,MinCVaR,-0.0006314878695628536,0.0021037944012772553,2.0339632755828063e-16
2016-05-31,MinCVaR_Cap,-0.0008906835836933951,0.008193589474766984,3.3497510321112145e-15
2016-06-30,EqualWeight,0.011306377914663698,0.04875522035921537,0.0
2016-06-30,MinVar,0.005436447778466049,0.0024226413360873664,0.00031355857425221373
2016-06-30,DRP,0.01419905724972238,0.01144955603897245,0.02841400038890512
2016-06-30,MinCVaR,0.006612978979670029,0.0021037944012772553,0.0
2016-06-30,MinCVaR_Cap,0.013372534164277175,0.008193589474766984,0.0
2016-07-31,EqualWeight,0.030118058923600116,0.04875522035921537,0.0
2016-07-31,MinVar,1.4949945306255903e-05,0.0024199887902810026,0.0006384039455480263
2016-07-31,DRP,0.009935559291548393,0.011387576466446806,0.0024419096677446815
2016-07-31,MinCVaR,0.0006312189298075873,0.0021037944012772553,7.589415207398531e-17
2016-07-31,MinCVaR_Cap,0.005406880491866865,0.008193589474766968,2.9559688030644793e-15
2016-08-31,EqualWeight,0.00037113572365968185,0.04875522035921537,0.0
2016-08-31,MinVar,-0.001701589632475609,0.0024276193735777575,0.0018364977795271805
2016-08-31,DRP,-0.0027544446042445958,0.01208022785960376,0.029524992766134458
2016-08-31,MinCVaR,-0.002222858674378983,0.0021037944012772558,1.1492543028346347e-16
2016-08-31,MinCVaR_Cap,-0.002439407133035148,0.008193589474766994,2.0296264668928643e-15
2016-09-30,EqualWeight,0.0008852119580579827,0.04875522035921537,0.0
2016-09-30,MinVar,0.0008345598549539812,0.002424438497213792,0.0003055958578653779
2016-09-30,DRP,0.00022023316470082851,0.011919754471654685,0.007167991255274156
2016-09-30,MinCVaR,0.0012604431557449232,0.0021037944012772558,0.0
2016-09-30,MinCVaR_Cap,0.0016300700962771908,0.008193589474766994,0.0
2016-10-31,EqualWeight,-0.020928394595390844,0.04819513966779767,0.0
2016-10-31,MinVar,-0.001955557472029171,0.004362335311727573,0.27578013114365135
2016-10-31,DRP,-0.010667653138913238,0.012216314346955016,0.012510722954756222
2016-10-31,MinCVaR,-0.0015687621995040067,0.002106294708055326,0.004702383205792151
2016-10-31,MinCVaR_Cap,-0.007352926050385358,0.008193589474766973,2.338407245616736e-15
2016-11-30,EqualWeight,0.03275044778562755,0.03915251838988738,0.0
2016-11-30,MinVar,-0.0021227889131262135,0.002138949945986424,0.27234798332971794
2016-11-30,DRP,-0.0017335887711740082,0.011493414438249177,0.036840522543867764
2016-11-30,MinCVaR,-0.0038285820712096576,0.002104746141476563,0.0005424350516832584
2016-11-30,MinCVaR_Cap,-0.008678839877733584,0.008193589474766972,2.1840168562548e-15
2016-12-31,EqualWeight,0.016070564936700064,0.03915251838988738,0.0
2016-12-31,MinVar,0.0015104782131104455,0.0021850677783440487,0.0028065598790101417
2016-12-31,DRP,0.005571700396962608,0.011492885039477594,0.022992903200535687
2016-12-31,MinCVaR,0.0011119007925144409,0.002104746141476563,0.0
2016-12-31,MinCVaR_Cap,0.0016874572161893714,0.008193589474766972,4.666406150377611e-16
2017-01-31,EqualWeight,0.013166808418185088,0.03915251838988738,0.0
2017-01-31,MinVar,0.0011035009961964744,0.0022662843769249473,0.0035704371163673156
2017-01-31,DRP,0.00534590600564784,0.01164388892355241,0.0058100482788685315
2017-01-31,MinCVaR,0.0011194158908556027,0.0021376258282102033,0.021555554154319742
2017-01-31,MinCVaR_Cap,0.0027423032058186024,0.00826431930247501,0.013386495727575455
2017-02-28,EqualWeight,0.026147362589565855,0.03915251838988738,0.0
2017-02-28,MinVar,0.0016530245661622437,0.0022611218274117377,0.000164757206553411
2017-02-28,DRP,0.01013257281875953,0.011707891021807328,0.004300719900172568
2017-02-28,MinCVaR,0.0014288611887572167,0.0021376258282102033,0.0
2017-02-28,MinCVaR_Cap,0.005296701649469423,0.00826431930247501,0.0
2017-03-31,EqualWeight,-0.0008648154539703037,0.03915251838988738,0.0
2017-03-31,MinVar,-0.00017245909900885702,0.002301542168651113,0.0012899716493749496
2017-03-31,DRP,-0.00022949515599593245,0.011737209297484803,0.005429379227677001
2017-03-31,MinCVaR,4.078206396852986e-05,0.0021376258282102033,0.0
2017-03-31,MinCVaR_Cap,-3.4576212667100485e-05,0.00826431930247501,0.0
2017-04-30,EqualWeight,0.008720964348581918,0.03915251838988738,0.0
2017-04-30,MinVar,0.0016023081901569134,0.002281695033439314,0.0006474668643120175
2017-04-30,DRP,0.005416020758216506,0.011745393583129683,0.0018966488264028523
2017-04-30,MinCVaR,0.0017503054034889564,0.0021376258282102033,0.0
2017-04-30,MinCVaR_Cap,0.006267789807492885,0.00826431930247501,0.0
2017-05-31,EqualWeight,0.005450687558395932,0.03915251838988738,0.0
2017-05-31,MinVar,0.00040646593090664783,0.0022770728283476485,0.0001491679338473315
2017-05-31,DRP,0.003765763170920668,0.01171411928962703,0.001331339822477789
2017-05-31,MinCVaR,0.00048495990943636354,0.0021376258282102033,4.3038760489527705e-16
2017-05-31,MinCVaR_Cap,0.0038073140495637012,0.008264319302475006,9.84455572616838e-16
2017-06-30,EqualWeight,0.008667599790464487,0.03915251838988738,0.0
2017-06-30,MinVar,0.0008548303657853236,0.0022825470252641556,0.0005039406438108161
2017-06-30,DRP,0.0018911378083471787,0.011746257490457011,0.0014196139567839907
2017-06-30,MinCVaR,0.0005490856270521068,0.0021376258282102033,0.0
2017-06-30,MinCVaR_Cap,-0.00040193533346766913,0.008264319302475006,0.0
2017-07-31,EqualWeight,0.013212203070817862,0.03446007173928158,0.0
2017-07-31,MinVar,0.0022840261717462893,0.0023607205704841766,0.0029099530326855577
2017-07-31,DRP,0.005661474309902774,0.011491117856142624,0.01827469822046026
2017-07-31,MinCVaR,0.002131749543169808,0.002137625828210204,2.1056561442384103e-16
2017-07-31,MinCVaR_Cap,0.0038545016316251287,0.00826431930247501,5.048045315092509e-16
2017-08-31,EqualWeight,0.00023133783246615577,0.03446007173928158,0.0
2017-08-31,MinVar,0.0015264222820420646,0.002364661208140511,0.00045683887464489356
2017-08-31,DRP,0.0033424376412849047,0.011630843008484269,0.005416908006641766
2017-08-31,MinCVaR,0.0017431848918041653,0.002137625828210204,0.0
2017-08-31,MinCVaR_Cap,0.003759970901607169,0.00826431930247501,0.0
2017-09-30,EqualWeight,0.021333956473424134,0.03446007173928158,0.0
2017-09-30,MinVar,-0.00040470271318899576,0.002355386312701196,0.00044909520016425637
2017-09-30,DRP,0.0039315264778354755,0.011637217335756832,0.0024157510977632583
2017-09-30,MinCVaR,-0.0007646021961918574,0.002137625828210204,0.0
2017-09-30,MinCVaR_Cap,0.0007931000622214976,0.00826431930247501,0.0
2017-10-31,EqualWeight,0.013999316854701736,0.03446007173928158,0.0
2017-10-31,MinVar,-8.493303883828505e-05,0.002362263750024158,0.00022449211396443475
2017-10-31,DRP,0.004075143761825282,0.011641279526307094,0.0003647281059823478
2017-10-31,MinCVaR,-0.00034332482300478823,0.0021376258282102063,3.0623290361853073e-16
2017-10-31,MinCVaR_Cap,0.0006537825691320591,0.008264319302475013,6.787105599759258e-16
2017-11-30,EqualWeight,0.02384907621870485,0.03446007173928158,0.0
2017-11-30,MinVar,-0.001116321719936742,0.00238197720538377,0.000643470624146021
2017-11-30,DRP,0.006374795375788053,0.011623353673597795,0.00112842757001311
2017-11-30,MinCVaR,-0.0013578919914756472,0.0021376258282102063,5.370730986678507e-16
2017-11-30,MinCVaR_Cap,0.002396643787877868,0.008264319302475006,7.793245215825806e-16
2017-12-31,EqualWeight,0.008253246381355458,0.03446007173928158,0.0
2017-12-31,MinVar,0.00034877961228768287,0.0023836432578054688,0.00014439771824506837
2017-12-31,DRP,0.0036136644979892153,0.011485955742446888,0.006653543221814105
2017-12-31,MinCVaR,0.00019672300576351897,0.0021376258282102055,9.503032041835446e-16
2017-12-31,MinCVaR_Cap,0.004959503558724994,0.008264319302475006,3.7600131341797294e-16
2018-01-31,EqualWeight,0.029188610531762634,0.03446007173928158,0.0
2018-01-31,MinVar,-0.0008930471342231644,0.0024039481645104282,0.0006566018138439587
2018-01-31,DRP,0.004953932782829379,0.011333447231604274,0.006413592295557016
2018-01-31,MinCVaR,-0.001638827190560528,0.0021376258282102055,0.0
2018-01-31,MinCVaR_Cap,-0.0014121939054185825,0.008264319302475006,0.0
2018-02-28,EqualWeight,-0.037337486636073246,0.03446007173928158,0.0
2018-02-28,MinVar,-0.0018823569815048318,0.0024160977747188653,0.00045075531308250665
2018-02-28,DRP,-0.014210564684848485,0.011345325947883695,0.0008301860373323092
2018-02-28,MinCVaR,-0.001764255933684532,0.002137625828210203,2.8133691123283233e-16
2018-02-28,MinCVaR_Cap,-0.011522555045218631,0.008264319302475006,6.058521739848999e-16
2018-03-31,EqualWeight,-0.0074246732180256,0.03446007173928158,0.0
2018-03-31,MinVar,0.0010505334524806794,0.0024611914537377255,0.00178228780920699
2018-03-31,DRP,0.000569617699536361,0.011230748056304054,0.00853106676376002
2018-03-31,MinCVaR,0.0017456713271037805,0.002137625828210203,0.0
2018-03-31,MinCVaR_Cap,0.0031636672069471116,0.00826431930247501,2.671474153004283e-16
2018-04-30,EqualWeight,0.002466850437640048,0.03788634885310069,0.0
2018-04-30,MinVar,-0.0024125345817898017,0.002422283388175866,0.001242852368036214
2018-04-30,DRP,-0.0022858272964517007,0.012455736549665256,0.005169376680260568
2018-04-30,MinCVaR,-0.0024088555466314,0.0021376258282102068,6.092945158825414e-16
2018-04-30,MinCVaR_Cap,-0.004251054472351029,0.008884588041968707,0.0794354029036132
2018-05-31,EqualWeight,0.022759012802086576,0.03788634885310069,0.0
2018-05-31,MinVar,0.003104476896979043,0.0024365582457874235,0.0004555667036239717
2018-05-31,DRP,0.009856866746123705,0.012436205124659894,0.0029063242446439198
2018-05-31,MinCVaR,0.003502143038845176,0.0021376258282102068,0.0
2018-05-31,MinCVaR_Cap,0.0061792877521364194,0.008884588041968707,0.0
2018-06-30,EqualWeight,0.005909776660057966,0.03788634885310069,0.0
2018-06-30,MinVar,-0.00011855458755131521,0.0024867137381383705,0.00029006940640003944
2018-06-30,DRP,0.0024553469884914005,0.012706730712667303,0.010439020464972911
2018-06-30,MinCVaR,0.00037208952084605745,0.002166164264748499,0.010459910498415569
2018-06-30,MinCVaR_Cap,0.0029707813274340725,0.008884588041968707,2.706168622523819e-16
2018-07-31,EqualWeight,0.023562734566699,0.03788634885310069,0.0
2018-07-31,MinVar,0.0009661568689126495,0.0025009322428008545,0.0005421122830870893
2018-07-31,DRP,0.006947110294401178,0.013161577958643247,0.023129801324214567
2018-07-31,MinCVaR,0.00027212224293945986,0.002166164264748499,0.0
2018-07-31,MinCVaR_Cap,0.001999257631086759,0.008884588041968707,0.0
2018-08-31,EqualWeight,0.022133765510842,0.03788634885310069,0.0
2018-08-31,MinVar,0.004372850652151539,0.004321284233612471,0.22648259588415207
2018-08-31,DRP,0.010046665678594156,0.013220123039464628,0.015211041577843771
2018-08-31,MinCVaR,0.003966017521517758,0.002166164264748499,0.0
2018-08-31,MinCVaR_Cap,0.007044533243990044,0.008055871555912312,0.186109104655442
2018-09-30,EqualWeight,-0.003052966394671741,0.03788634885310069,0.0
2018-09-30,MinVar,-0.0033394343460738628,0.004275093165259224,0.009020218395561094
2018-09-30,DRP,-0.0034289641655398965,0.012945561049439867,0.014263277860988285
2018-09-30,MinCVaR,-0.001928355394410558,0.002166164264748499,0.0
2018-09-30,MinCVaR_Cap,-0.004755686631061681,0.008055871555912312,0.0
2018-10-31,EqualWeight,-0.0640085829274151,0.03717990984607132,0.0
2018-10-31,MinVar,-0.0023368743124676577,0.003747349331624725,0.013953283957369703
2018-10-31,DRP,-0.020888800471061453,0.012649926206409961,0.01719411222905841
2018-10-31,MinCVaR,0.00012172644671394508,0.0021291691147040316,0.010680392106695646
2018-10-31,MinCVaR_Cap,-0.00711001659102174,0.0069309823841767395,0.08393273514996591
2018-11-30,EqualWeight,0.018808843905170486,0.03717990984607132,0.0
2018-11-30,MinVar,0.005557217383251025,0.0038859198996206014,0.002057397400909993
2018-11-30,DRP,0.00947201238835959,0.012579748033477441,0.0047593648161413545
2018-11-30,MinCVaR,0.004405783764074374,0.002129169114704035,8.954425742557781e-16
2018-11-30,MinCVaR_Cap,0.007296545783326969,0.006930982384176738,3.608224830031759e-16
2018-12-31,EqualWeight,-0.07343618346519451,0.04727396103272589,0.0
2018-12-31,MinVar,0.004271695609471545,0.00392629704050922,0.010171866703530714
2018-12-31,DRP,-0.01381465430359167,0.014279873486277423,0.03783853170797483
2018-12-31,MinCVaR,0.004419647239617284,0.002129169114704035,0.0
2018-12-31,MinCVaR_Cap,0.004260777030152768,0.007102356222304832,0.08635201190147056
2019-01-31,EqualWeight,0.06657828537188526,0.04727396103272589,0.0
2019-01-31,MinVar,0.007526185507666586,0.003897334477569263,0.003129858500061438
2019-01-31,DRP,0.023200580973430914,0.014675008663268459,0.012115024600171243
2019-01-31,MinCVaR,0.004700943335575519,0.002129169114704035,0.0
2019-01-31,MinCVaR_Cap,0.012429075717913777,0.007102356222304832,0.0
2019-02-28,EqualWeight,0.027017047622095842,0.056298635240006195,0.0
2019-02-28,MinVar,0.0014974856519086818,0.003992366338004432,0.0033706710001755
2019-02-28,DRP,0.006706567674856528,0.013081379970314489,0.05727846113190369
2019-02-28,MinCVaR,0.0017037377557549652,0.002129169114704035,0.0
2019-02-28,MinCVaR_Cap,0.001107544510402261,0.007102356222304832,0.0
2019-03-31,EqualWeight,0.01241356949967061,0.056298635240006195,0.0
2019-03-31,MinVar,0.007712896021284165,0.0038377158148751173,0.0057768146488548985
2019-03-31,DRP,0.011678016822665947,0.013652134863007825,0.021522623824662898
2019-03-31,MinCVaR,0.00567505055433881,0.002129169114704035,0.0
2019-03-31,MinCVaR_Cap,0.01181587247345665,0.007102356222304832,0.0
2019-04-30,EqualWeight,0.026676325986614687,0.056298635240006195,0.0
2019-04-30,MinVar,0.004666029449040392,0.0024541514546259774,0.20429472942913823
2019-04-30,DRP,0.00767765407917217,0.013818796942729134,0.0058944737007867246
2019-04-30,MinCVaR,0.003299936636546933,0.002129169114704035,0.0
2019-04-30,MinCVaR_Cap,0.006395598127188731,0.007102356222304832,0.0
2019-05-31,EqualWeight,-0.04910765101071052,0.056298635240006195,0.0
2019-05-31,MinVar,0.00434767499260353,0.002476989953822877,0.0012065667669141336
2019-05-31,DRP,-0.004897012936679929,0.014691184640799314,0.018855005947999725
2019-05-31,MinCVaR,0.005233592568099946,0.002129169114704035,0.0
2019-05-31,MinCVaR_Cap,0.007795467711788595,0.007102356222304832,0.0
2019-06-30,EqualWeight,0.056936163675826504,0.056298635240006195,0.0
2019-06-30,MinVar,0.006545571933509346,0.0024332435269577802,0.0023111406914966717
2019-06-30,DRP,0.020904871034997823,0.014845851976528861,0.008060476261585615
2019-06-30,MinCVaR,0.006049760243132555,0.002129169114704035,8.608565249534905e-17
2019-06-30,MinCVaR_Cap,0.012792525378492028,0.0071023562223048314,4.2500725161431774e-16
2019-07-31,EqualWeight,0.008401624614492903,0.058666062052082635,0.0
2019-07-31,MinVar,0.0001991678643870861,0.0024799268378452267,0.002466615316652953
2019-07-31,DRP,0.0023084187237276624,0.013956776263065088,0.014047728135174962
2019-07-31,MinCVaR,-0.0002782620452606388,0.002129169114704035,0.0
2019-07-31,MinCVaR_Cap,0.0024452838591368735,0.0071023562223048314,0.0
2019-08-31,EqualWeight,-0.010786704117832904,0.058666062052082635,0.0
2019-08-31,MinVar,0.005951722047721636,0.0024374862412819423,0.0022424710740337936
2019-08-31,DRP,0.009562607331273822,0.015032863856860253,0.036216678585027993
2019-08-31,MinCVaR,0.006789912138287147,0.002129169114704034,3.8299441743050444e-16
2019-08-31,MinCVaR_Cap,0.014554049249336266,0.007102356222304828,1.9810542095655137e-15
2019-09-30,EqualWeight,0.01605573614283248,0.058666062052082635,0.0
2019-09-30,MinVar,0.00017727170931739226,0.002445938333284092,0.00044652729729621906
2019-09-30,DRP,0.0018508604461926611,0.01486199742680452,0.007581910839349562
2019-09-30,MinCVaR,-3.7723572985780924e-05,0.002129169114704032,8.413408858487514e-17
2019-09-30,MinCVaR_Cap,-0.0008042406485842249,0.00710235622230483,1.790234627208065e-15
2019-10-31,EqualWeight,0.012807688851575464,0.058666062052082635,0.0
2019-10-31,MinVar,0.003897269276350413,0.0025011947359859336,0.0026301665522432886
2019-10-31,DRP,0.005332319692474474,0.015532513890810687,0.01496478173589519
2019-10-31,MinCVaR,0.003526381829209912,0.002129169114704032,1.9168694409543718e-16
2019-10-31,MinCVaR_Cap,0.004269604515634124,0.007102356222304824,3.78690134805737e-15
2019-11-30,EqualWeight,0.025035531857687518,0.058666062052082635,0.0
2019-11-30,MinVar,0.0013290822590982904,0.002510966015626848,0.0007573014183098183
2019-11-30,DRP,0.006472275042051909,0.015457761482535718,0.0056880317413619645
2019-11-30,MinCVaR,0.0002810450621403495,0.002129169114704032,2.0724524527060417e-16
2019-11-30,MinCVaR_Cap,0.002998507006807203,0.007102356222304824,0.0
2019-12-31,EqualWeight,0.021319102986817072,0.058666062052082635,0.0
2019-12-31,MinVar,0.0024276202437143943,0.002514705973342421,0.000757301418309768
2019-12-31,DRP,0.006106977281077225,0.015459072924207699,0.004533162623378747
2019-12-31,MinCVaR,0.0023198975133017713,0.0021291691147040347,1.6873438410391906e-15
2019-12-31,MinCVaR_Cap,0.0016102477897050375,0.007102356222304832,2.067790383364354e-15
2020-01-31,EqualWeight,-0.004348640579126415,0.058666062052082635,0.0
2020-01-31,MinVar,0.0045833888867995096,0.0025147592293638704,1.8030373155590946e-06
2020-01-31,DRP,0.008836947112791205,0.015433125643030355,0.002887806894795262
2020-01-31,MinCVaR,0.005227872950900774,0.0021291691147040347,0.0
2020-01-31,MinCVaR_Cap,0.012008927777546155,0.007102356222304826,2.1562612806391712e-15
2020-02-29,EqualWeight,-0.06735164100443303,0.058666062052082635,0.0
2020-02-29,MinVar,0.004139065094754124,0.0025008067339051766,0.00047237606700919636
2020-02-29,DRP,-0.010849828920661653,0.0152951154091636,0.003117396946650799
2020-02-29,MinCVaR,0.0058687112474721005,0.0021011138877057444,0.007694440257538985
2020-02-29,MinCVaR_Cap,0.003276246304605584,0.007102356222304826,0.0
2020-03-31,EqualWeight,-0.13705009467847706,0.058666062052082635,0.0
2020-03-31,MinVar,0.003151399217298803,0.0024818946409028305,0.001839440965575469
2020-03-31,DRP,-0.03192592309342257,0.015327609591231932,0.0035069746611087454
2020-03-31,MinCVaR,0.006600060269965653,0.0021011138877057444,0.0
2020-03-31,MinCVaR_Cap,-0.01279785126968556,0.007102356222304826,0.0
2020-04-30,EqualWeight,0.10099242495966296,0.06347601460193829,0.0
2020-04-30,MinVar,0.006561577554564978,0.0025538669518843354,0.001793906330715902
2020-04-30,DRP,0.030991404207679138,0.01369630043050077,0.03760900229796199
2020-04-30,MinCVaR,0.005187722243296963,0.0021011138877057444,0.0
2020-04-30,MinCVaR_Cap,0.01598251670312732,0.007102356222304826,0.0
2020-05-31,EqualWeight,0.039358671723627135,0.08546162551887992,0.0
2020-05-31,MinVar,0.00025847516737638574,0.00259812043107568,0.0011532383969967707
2020-05-31,DRP,0.007594778550974903,0.011938250573430068,0.12879123967690903
2020-05-31,MinCVaR,-2.5923441379148253e-06,0.0021011138877057444,0.0
2020-05-31,MinCVaR_Cap,0.004594526094980173,0.007761550119141068,0.2143311849858389
2020-06-30,EqualWeight,0.013042234345739518,0.08546162551887992,0.0
2020-06-30,MinVar,2.7050049477897345e-05,0.0025446677946060745,0.0037470037437726017
2020-06-30,DRP,0.0032690137769680002,0.012391561817366475,0.02474448513745499
2020-06-30,MinCVaR,0.0002334322914439183,0.0021011138877057444,0.0
2020-06-30,MinCVaR_Cap,0.001044061342579415,0.007761550119141068,0.0
2020-07-31,EqualWeight,0.040510385229025316,0.08546162551887992,0.0
2020-07-31,MinVar,0.0023225423474355343,0.00255570878220887,0.00037380397758571347
2020-07-31,DRP,0.012082596250368062,0.012160405128806721,0.006233443805706765
2020-07-31,MinCVaR,0.0018446050102080358,0.0021011138877057444,0.0
2020-07-31,MinCVaR_Cap,0.00922857042346571,0.007761550119141068,0.0
2020-08-31,EqualWeight,0.0384466981597993,0.08546162551887992,0.0
2020-08-31,MinVar,0.0013565609295238031,0.002553858057029362,6.26582021831391e-05
2020-08-31,DRP,0.005265561447672961,0.012304599828897327,0.011019471491485338
2020-08-31,MinCVaR,0.0007396118506472698,0.002101113887705742,7.406185040248481e-16
2020-08-31,MinCVaR_Cap,-0.0006958487273363407,0.00776155011914107,1.6306400674181987e-15
2020-09-30,EqualWeight,-0.026840284390592405,0.08546162551887992,0.0
2020-09-30,MinVar,-0.001312100006152957,0.002546123564405002,0.0002618591933626044
2020-09-30,DRP,-0.004660628925044118,0.01212006591476132,0.00615653563115412
2020-09-30,MinCVaR,-0.0008775937671119698,0.002101113887705742,0.0
2020-09-30,MinCVaR_Cap,-0.002540533206590011,0.00776155011914107,0.0
2020-10-31,EqualWeight,-0.010090990461448252,0.08546162551887992,0.0
2020-10-31,MinVar,-0.0007868697606712512,0.00229449606340294,0.0017362878591218808
2020-10-31,DRP,-0.004325473480115305,0.010784069469159933,0.014348534870445634
2020-10-31,MinCVaR,-0.0008355266491688948,0.0020533303098447787,0.01523420632668338
2020-10-31,MinCVaR_Cap,-0.007116549032410553,0.007598501320009193,0.04515103106359516
2020-11-30,EqualWeight,0.09873537660395684,0.08546162551887992,0.0
2020-11-30,MinVar,0.0062036154229180756,0.002282995100472372,0.0006208078126612125
2020-11-30,DRP,0.020357896981507854,0.011079838596230587,0.008628480896362303
2020-11-30,MinCVaR,0.004216228266696153,0.0020533303098447817,2.645453300864631e-16
2020-11-30,MinCVaR_Cap,0.01936594143096384,0.007598501320009202,2.7634144972310537e-15
2020-12-31,EqualWeight,0.03459976328186645,0.08546162551887992,0.0
2020-12-31,MinVar,0.0027280811507482718,0.0022785480414288695,0.00024004676949563263
2020-12-31,DRP,0.006859103272073341,0.011443971987673392,0.005795891731995304
2020-12-31,MinCVaR,0.002225867133655276,0.0020533303098447817,0.0
2020-12-31,MinCVaR_Cap,0.006023355926901048,0.007598501320009214,6.83481049534862e-16
2021-01-31,EqualWeight,-0.0018502833106594954,0.08546162551887992,0.0
2021-01-31,MinVar,-0.000416820612817425,0.002223522533892396,0.0029702091190547232
2021-01-31,DRP,-0.0025029502871781583,0.010566571560004746,0.018916152777223194
2021-01-31,MinCVaR,-6.0018995669027376e-05,0.0019574012246678864,0.01109710910127029
2021-01-31,MinCVaR_Cap,-0.006222979142520344,0.007598501320009189,2.7547408798511697e-15
2021-02-28,EqualWeight,0.02722796165774037,0.08546162551887992,0.0
2021-02-28,MinVar,0.003329050926737982,0.001965330314073116,0.00012934671924478397
2021-02-28,DRP,-0.0002881014533871473,0.010100750957914918,0.013324805277693814
2021-02-28,MinCVaR,0.0016922516401059783,0.001818822972165849,0.02359705445088782
2021-02-28,MinCVaR_Cap,-0.0002984774979162448,0.007598501320009189,0.0
2021-03-31,EqualWeight,0.031348905004086144,0.08546162551887992,0.0
2021-03-31,MinVar,0.001424612683644464,0.001945658066178565,0.0009257350925473465
2021-03-31,DRP,0.002999353593702632,0.010209423837500925,0.0029432727960890435
2021-03-31,MinCVaR,0.0011550408483393649,0.0018188229721658499,5.4752209710517974e-17
2021-03-31,MinCVaR_Cap,-0.003865847063039154,0.007598501320009186,2.7755575615628914e-16
2021-04-30,EqualWeight,0.034767309998038086,0.08546162551887992,0.0
2021-04-30,MinVar,0.0027025308229269014,0.0019404121025556223,0.0002403436990829095
2021-04-30,DRP,0.008705818878474908,0.010204504531115426,0.0036534057163498316
2021-04-30,MinCVaR,0.0028354648316962568,0.0018188229721658499,0.0
2021-04-30,MinCVaR_Cap,0.011366410692711028,0.007598501320009186,0.0
2021-05-31,EqualWeight,0.008800704207328444,0.08546162551887992,0.0
2021-05-31,MinVar,0.0021977061510974594,0.001949619202775056,0.0004254878311372505
2021-05-31,DRP,0.002505357313613391,0.010176024282330198,0.003659748129656041
2021-05-31,MinCVaR,0.0009422965386495036,0.0018188229721658499,0.0
2021-05-31,MinCVaR_Cap,0.006762999303286633,0.007598501320009186,0.0
2021-06-30,EqualWeight,0.010969734456252779,0.08546162551887992,0.0
2021-06-30,MinVar,-0.002704798155256305,0.001947285780650768,0.0009154425122869809
2021-06-30,DRP,0.002474184702432915,0.009981330446188775,0.006680255641070513
2021-06-30,MinCVaR,-0.0010193644368058775,0.0018188229721658499,0.0
2021-06-30,MinCVaR_Cap,0.0013693593256356709,0.007598501320009186,0.0
2021-07-31,EqualWeight,0.009094196492575169,0.08546162551887992,0.0
2021-07-31,MinVar,0.001420671168664195,0.0019457841321139089,6.919003484069555e-05
2021-07-31,DRP,0.006177286759525277,0.009892767384507868,0.0024050768893711903
2021-07-31,MinCVaR,0.00185563821267887,0.001818822972165851,3.990948196919142e-16
2021-07-31,MinCVaR_Cap,0.009267835751874537,0.0075985013200091985,2.069525106840331e-15
2021-08-31,EqualWeight,0.01764543177910883,0.08546162551887992,0.0
2021-08-31,MinVar,0.0011866207406167602,0.002260024125261527,0.006836019808558963
2021-08-31,DRP,0.002695771956259822,0.009516174721288297,0.0060534095125732955
2021-08-31,MinCVaR,0.0010311443135987428,0.0018188229721658494,4.467997152812764e-16
2021-08-31,MinCVaR_Cap,0.0034708998335037846,0.007598501320009195,3.2439329000766293e-15
2021-09-30,EqualWeight,-0.03289645231776071,0.08546162551887992,0.0
2021-09-30,MinVar,-0.0015862069414727964,0.002259898412792229,0.00048437735165526234
2021-09-30,DRP,-0.0089854792767668,0.0095808057791932,0.0015251039172280924
2021-09-30,MinCVaR,-0.0019664898433588104,0.0018188229721658494,0.0
2021-09-30,MinCVaR_Cap,-0.009905907406718971,0.007598501320009195,0.0
2021-10-31,EqualWeight,0.05018009664187087,0.08546162551887992,0.0
2021-10-31,MinVar,-0.001146441622534423,0.0022557110361024696,0.0003686098429234115
2021-10-31,DRP,0.006606135614332622,0.009204532596062551,0.009892616274930476
2021-10-31,MinCVaR,9.61214434872491e-05,0.0017638603069304254,0.011784534469538237
2021-10-31,MinCVaR_Cap,0.004776537538861529,0.007598501320009193,5.341213582532589e-15
2021-11-30,EqualWeight,-0.014085740001866229,0.08546162551887992,0.0
2021-11-30,MinVar,-0.0023391700419322305,0.0022506717952436015,0.0007090420816126587
2021-11-30,DRP,-0.0015596280451573687,0.010271491493766344,0.006381755111334524
2021-11-30,MinCVaR,-0.00135544810635954,0.0017638603069304254,3.729655473350135e-17
2021-11-30,MinCVaR_Cap,-0.0019558789222799827,0.008119567360974123,0.10743402745890046
2021-12-31,EqualWeight,0.03446762234085973,0.08546162551887992,0.0
2021-12-31,MinVar,-0.0009285381772372299,0.0022628957843071696,0.000634567940751168
2021-12-31,DRP,0.004282795454247107,0.009801896558480875,0.009762135724493564
2021-12-31,MinCVaR,-0.0014185493057025725,0.0017638603069304256,2.0816681711721685e-17
2021-12-31,MinCVaR_Cap,-0.0002120029786803414,0.008119567360974123,6.38378239159465e-16
2022-01-31,EqualWeight,-0.04478542498625459,0.08546162551887992,0.0
2022-01-31,MinVar,-0.006261634903466238,0.0021692788723453546,0.0069795279869834205
2022-01-31,DRP,-0.015785002735674562,0.009636982961157026,0.011066003267642278
2022-01-31,MinCVaR,-0.007640031622401548,0.0014946705481310464,0.014475241632540534
2022-01-31,MinCVaR_Cap,-0.0136894019150089,0.006255557137835238,0.271769686638046
2022-02-28,EqualWeight,-0.010599584927149254,0.08546162551887992,0.0
2022-02-28,MinVar,-0.004230196229304244,0.0021771681027275835,0.0024230482154088046
2022-02-28,DRP,-0.00587479938962225,0.00956855358193477,0.0017255070505856193
2022-02-28,MinCVaR,-0.004685920300759042,0.0015902272379920836,0.009577994875789128
2022-02-28,MinCVaR_Cap,-0.0054142991933446415,0.006255557137835241,5.655198531684391e-16
2022-03-31,EqualWeight,0.020350006654597463,0.08546162551887992,0.0
2022-03-31,MinVar,-0.012846916946277665,0.0029854814525524962,0.010099052805830181
2022-03-31,DRP,-0.010641666756215619,0.013867368028513662,0.06446468178662443
2022-03-31,MinCVaR,-0.012610844369414037,0.002899651693748575,0.019705407141197683
2022-03-31,MinCVaR_Cap,-0.02093671727901019,0.008290670248334232,0.24358810342500675
2022-04-30,EqualWeight,-0.0720561208708486,0.08546162551887992,0.0
2022-04-30,MinVar,-0.006472083565381955,0.0033518547007254525,0.0038761449978627874
2022-04-30,DRP,-0.02635115790942264,0.014784611422621524,0.026350615334036397
2022-04-30,MinCVaR,-0.005206819453459592,0.00316069588773394,0.004168763677663521
2022-04-30,MinCVaR_Cap,-0.026396685137431465,0.008290670248334225,6.333475410791323e-15
2022-05-31,EqualWeight,0.006299045619547459,0.08546162551887992,0.0
2022-05-31,MinVar,0.00928797136608626,0.005310284295011957,0.02320397266567723
2022-05-31,DRP,0.004957709746169375,0.017423115842325206,0.057752228943029185
2022-05-31,MinCVaR,0.011391204677948383,0.0049877085158192,0.06704247321156367
2022-05-31,MinCVaR_Cap,0.009956194588130067,0.010777533255988646,0.3088601486734945
2022-06-30,EqualWeight,-0.07463893684037826,0.0874735100047383,0.0
2022-06-30,MinVar,-0.010116797658931394,0.005964184245924862,0.003214733172382647
2022-06-30,DRP,-0.024784371318048067,0.02202479959387656,0.021925379531209793
2022-06-30,MinCVaR,-0.011872069407409973,0.005930037651751014,0.006703770707565882
2022-06-30,MinCVaR_Cap,-0.02086931515918793,0.013105674240838212,0.36999220468613325
2022-07-31,EqualWeight,0.0742170145635446,0.0874735100047383,0.0
2022-07-31,MinVar,0.006276846665568105,0.006110157202473834,0.006713461816113911
2022-07-31,DRP,0.026460675106716805,0.022250264607425303,0.0051044649520566665
2022-07-31,MinCVaR,0.0086512826422153,0.005930037651751012,1.4224732503009818e-16
2022-07-31,MinCVaR_Cap,0.024965312701907487,0.01310567424083822,2.9204069718069547e-15
2022-08-31,EqualWeight,-0.030997946609808476,0.0892953339637246,0.0
2022-08-31,MinVar,-0.00769124069970388,0.007583070921551685,0.00725831287889528
2022-08-31,DRP,-0.02049812140637314,0.02646077424883288,0.0438315704618087
2022-08-31,MinCVaR,-0.007331265416318961,0.007470367270177474,0.026431064309173392
2022-08-31,MinCVaR_Cap,-0.01965113556280521,0.015214705597585927,0.2678267307177331
2022-09-30,EqualWeight,-0.08625015454957222,0.0892953339637246,0.0
2022-09-30,MinVar,-0.0145339188993229,0.007591134657608549,0.0018485777944307624
2022-09-30,DRP,-0.04254886228753013,0.0267566382782161,0.009613481169146447
2022-09-30,MinCVaR,-0.020415134407132197,0.007470367270177474,0.0
2022-09-30,MinCVaR_Cap,-0.039698299220421035,0.015214705597585927,0.0
2022-10-31,EqualWeight,0.06723663080657452,0.0892953339637246,0.0
2022-10-31,MinVar,0.002750909839001496,0.00836445670025541,0.0038405132565690124
2022-10-31,DRP,0.016005884825272793,0.028383756988499414,0.02299066061101436
2022-10-31,MinCVaR,0.0014760847776360475,0.007791655976547366,0.030244377582564645
2022-10-31,MinCVaR_Cap,0.008100937634871887,0.016323813088890745,4.954803928258755e-16
2022-11-30,EqualWeight,0.047960845758355734,0.09284384238340551,0.0
2022-11-30,MinVar,0.0070434907004561925,0.010536220881043923,0.013548238243744236
2022-11-30,DRP,0.02901746232857791,0.03787870193087045,0.046327555377311674
2022-11-30,MinCVaR,0.008588495532177897,0.010731666723390616,0.056377820030917555
2022-11-30,MinCVaR_Cap,0.026908211590371926,0.022341756611147498,0.08347756192544924
2022-12-31,EqualWeight,-0.04574433436855803,0.09284384238340551,0.0
2022-12-31,MinVar,0.0007113941710961189,0.010521879852348474,0.000587236213857205
2022-12-31,DRP,-0.017673631989831903,0.03767929525373538,0.005602205779495647
2022-12-31,MinCVaR,-0.00014515580024992275,0.010731666723390607,2.6194324487249787e-16
2022-12-31,MinCVaR_Cap,-0.007626481833346908,0.022341756611147498,3.0926866970149014e-16
2023-01-31,EqualWeight,0.05719395193324379,0.09284384238340551,0.0
2023-01-31,MinVar,0.008013054705694404,0.010516608330837892,0.0005794638417764732
2023-01-31,DRP,0.030132965789857274,0.03863399213537717,0.011223209335698245
2023-01-31,MinCVaR,0.006990013457086177,0.010731666723390607,0.0
2023-01-31,MinCVaR_Cap,0.016062063185691967,0.022341756611147498,0.0
2023-02-28,EqualWeight,-0.0271359706509558,0.09284384238340551,0.0
2023-02-28,MinVar,-0.008989609104293588,0.010516220151633521,1.1761217903998598e-05
2023-02-28,DRP,-0.020279194636683567,0.0382244892136508,0.0072680135828203955
2023-02-28,MinCVaR,-0.010693373178347504,0.010731666723390607,0.0
2023-02-28,MinCVaR_Cap,-0.01811483615413766,0.022341756611147498,0.0
2023-03-31,EqualWeight,0.011567274203851542,0.09284384238340551,0.0
2023-03-31,MinVar,0.016122093703751606,0.010503472535412674,0.0003862326740898992
2023-03-31,DRP,0.019406907007508106,0.0391147881761711,0.012582430778598252
2023-03-31,MinCVaR,0.016304623243828673,0.010731666723390607,0.0
2023-03-31,MinCVaR_Cap,0.02437071789660197,0.022341756611147498,0.0
2023-04-30,EqualWeight,0.006007209052847018,0.09284384238340551,0.0
2023-04-30,MinVar,0.0027683312966087937,0.010806198216238547,0.0003960829861996956
2023-04-30,DRP,0.005207319156928849,0.04022707184100442,0.01397725836881225
2023-04-30,MinCVaR,0.0038966057284914326,0.011002941829286258,0.009864776138325334
2023-04-30,MinCVaR_Cap,0.006709090939396289,0.023190666068060257,0.040945659090827806
2023-05-31,EqualWeight,-0.017276909630302616,0.09284384238340551,0.0
2023-05-31,MinVar,-0.005183172084705218,0.010835461640031947,0.0005085931987405942
2023-05-31,DRP,-0.012999882645615586,0.04180184002416318,0.019878901533574637
2023-05-31,MinCVaR,-0.006217358296869991,0.011002941829286256,8.413408858487514e-17
2023-05-31,MinCVaR_Cap,-0.013380888336330797,0.023190666068060244,1.0547118733938987e-15
2023-06-30,EqualWeight,0.05371201213150408,0.09284384238340551,0.0
2023-06-30,MinVar,-0.00397806239002751,0.010826512431945204,0.0001569098064341784
2023-06-30,DRP,0.01703210787688972,0.04172276667384542,0.0008950900628587151
2023-06-30,MinCVaR,-0.002382977484632919,0.011002941829286256,1.0842021724855044e-16
2023-06-30,MinCVaR_Cap,-0.0012255070540195911,0.02319066606806026,1.6028844918025698e-15
2023-07-31,EqualWeight,0.028141641121814765,0.09284384238340551,0.0
2023-07-31,MinVar,0.003953610672891156,0.010775584406354783,0.0008854239249293632
2023-07-31,DRP,0.010520741252019579,0.04197839536382482,0.0034842456203368804
2023-07-31,MinCVaR,0.0038160330486797017,0.011002941829286256,3.382710778154774e-17
2023-07-31,MinCVaR_Cap,0.003184584386832995,0.023190666068060257,8.257283745649602e-16
2023-08-31,EqualWeight,-0.022997841990244298,0.09284384238340551,0.0
2023-08-31,MinVar,0.0042559206239137885,0.010799566719684076,0.00041940211344745643
2023-08-31,DRP,-0.010225670089737411,0.04135613658512215,0.007234802527151216
2023-08-31,MinCVaR,0.0036570308554451205,0.011002941829286256,0.0
2023-08-31,MinCVaR_Cap,-0.005555091598361898,0.023190666068060257,0.0
2023-09-30,EqualWeight,-0.04488735486074507,0.09284384238340551,0.0
2023-09-30,MinVar,-0.00047492851386742594,0.010781881292247771,0.0003080628599275491
2023-09-30,DRP,-0.025784340196840286,0.0414934957496868,0.0028429410387702274
2023-09-30,MinCVaR,-0.0019878609789038847,0.011002941829286256,0.0
2023-09-30,MinCVaR_Cap,-0.017483540845637868,0.023190666068060264,1.4016565685892601e-15
2023-10-31,EqualWeight,-0.03184259501526247,0.09284384238340551,0.0
2023-10-31,MinVar,0.002524764761501347,0.010775479812553597,0.00023364416813828848
2023-10-31,DRP,-0.014779508139843071,0.04101644501027603,0.007870072142134851
2023-10-31,MinCVaR,0.0012738167889277902,0.011002941829286256,0.0
2023-10-31,MinCVaR_Cap,-0.0070806244424998326,0.023190666068060264,0.0
2023-11-30,EqualWeight,0.0733908457816322,0.09284384238340551,0.0
2023-11-30,MinVar,0.010249169218335573,0.010773333180324944,0.00011001266583373323
2023-11-30,DRP,0.042224677760714605,0.040739804263409715,0.009806481649151547
2023-11-30,MinCVaR,0.012311402617173907,0.011002941829286256,0.0
2023-11-30,MinCVaR_Cap,0.028856212911739787,0.023190666068060264,0.0
2023-12-31,EqualWeight,0.05393974014473191,0.09284384238340551,0.0
2023-12-31,MinVar,0.010897636243455543,0.010808172900461058,0.0010736216711645908
2023-12-31,DRP,0.03286332216608266,0.04083704048631208,0.005715393627972721
2023-12-31,MinCVaR,0.012354949029734873,0.011002941829286256,0.0
2023-12-31,MinCVaR_Cap,0.023979937602844323,0.023190666068060264,0.0
2024-01-31,EqualWeight,-0.004845523084337041,0.09284384238340551,0.0
2024-01-31,MinVar,0.0030551084737487876,0.010797365914178823,0.001152062310478405
2024-01-31,DRP,-0.0007543318830249517,0.04209798985527513,0.015066604407911105
2024-01-31,MinCVaR,0.00429785446605462,0.011002941829286256,0.0
2024-01-31,MinCVaR_Cap,0.002172099991326413,0.023190666068060264,0.0
2024-02-29,EqualWeight,0.03303037182723129,0.09249882673481903,0.0
2024-02-29,MinVar,-0.0034311683167415658,0.01076140764610442,0.0006249484240207397
2024-02-29,DRP,0.008943717158208738,0.04451709557800923,0.027512834563457912
2024-02-29,MinCVaR,-0.002057318718933215,0.011002941829286256,3.174543961037557e-16
2024-02-29,MinCVaR_Cap,-0.006650595469554755,0.023190666068060257,1.7694179454963432e-15
2024-03-31,EqualWeight,0.03216717112641909,0.09249882673481903,0.0
2024-03-31,MinVar,0.00467414674990521,0.010785001619172811,0.00041005913452134377
2024-03-31,DRP,0.01692861320747632,0.04459488696597247,0.002174775682808764
2024-03-31,MinCVaR,0.004927821066398007,0.011002941829286256,0.0
2024-03-31,MinCVaR_Cap,0.00872729154202256,0.023190666068060257,0.0
2024-04-30,EqualWeight,-0.040851627805716495,0.09249882673481903,0.0
2024-04-30,MinVar,-0.00449334018974714,0.01080317760835687,0.0003158955201095695
2024-04-30,DRP,-0.024234068434459737,0.04447008370203848,0.0015229047338015172
2024-04-30,MinCVaR,-0.006615302391142185,0.011002941829286256,0.0
2024-04-30,MinCVaR_Cap,-0.014679054400597963,0.023190666068060257,0.0
2024-05-31,EqualWeight,0.035383067060929335,0.09249882673481903,0.0
2024-05-31,MinVar,0.007034733026214012,0.010771877140193484,0.0005439966744044328
2024-05-31,DRP,0.02186783725758759,0.04432284275601397,0.0017826055552251788
2024-05-31,MinCVaR,0.007867165207601627,0.01100294182928626,2.177077962350893e-16
2024-05-31,MinCVaR_Cap,0.013623173389091567,0.023190666068060257,9.992007221626409e-16
2024-06-30,EqualWeight,0.007782616141087663,0.09249882673481903,0.0
2024-06-30,MinVar,0.005180799192309999,0.01076507871801994,0.00011815539097699828
2024-06-30,DRP,0.006880502000824202,0.044713087234197285,0.005056072504404272
2024-06-30,MinCVaR,0.005891925623297516,0.01100294182928626,0.0
2024-06-30,MinCVaR_Cap,0.006277690883850143,0.023190666068060257,0.0
2024-07-31,EqualWeight,0.03534107560487935,0.09249882673481903,0.0
2024-07-31,MinVar,0.011853250553751785,0.01072196370364835,0.0007493314257350354
2024-07-31,DRP,0.024407120531818628,0.04582766077298987,0.011422843894637214
2024-07-31,MinCVaR,0.012459674537351051,0.01100294182928626,0.0
2024-07-31,MinCVaR_Cap,0.01761383610405517,0.023190666068060257,0.0
2024-08-31,EqualWeight,0.01598728628436049,0.09249882673481903,0.0
2024-08-31,MinVar,0.00850633211041165,0.010762143736235028,0.0006983219544997176
2024-08-31,DRP,0.014450019153830958,0.04571678697438246,0.002901886920652661
2024-08-31,MinCVaR,0.010561801783922417,0.01100294182928626,0.0
2024-08-31,MinCVaR_Cap,0.015678756372194486,0.023190666068060257,0.0
2024-09-30,EqualWeight,0.016840939167922526,0.09249882673481903,0.0
2024-09-30,MinVar,0.00721965063360046,0.010766012745762004,6.724271039433628e-05
2024-09-30,DRP,0.013371435460823373,0.046622732556896335,0.01123733551985152
2024-09-30,MinCVaR,0.006351090702533547,0.01100294182928626,0.0
2024-09-30,MinCVaR_Cap,0.011006467239041223,0.023190666068060257,0.0
2024-10-31,EqualWeight,-0.015281390519736144,0.09249882673481903,0.0
2024-10-31,MinVar,-0.006073201867629869,0.010739388360905508,0.00046272716255854753
2024-10-31,DRP,-0.015567103510209289,0.0468909684941797,0.003813276456327153
2024-10-31,MinCVaR,-0.008064052862907532,0.01100294182928626,0.0
2024-10-31,MinCVaR_Cap,-0.01800768900759454,0.023190666068060257,0.0
2024-11-30,EqualWeight,0.055513698797871255,0.09249882673481903,0.0
2024-11-30,MinVar,0.0038641224710812975,0.010762039447127864,0.00039367192568137
2024-11-30,DRP,0.0273868138445314,0.04714305552798136,0.0030225809159528253
2024-11-30,MinCVaR,0.0034225285915938097,0.01100294182928626,0.0
2024-11-30,MinCVaR_Cap,0.009706924818602414,0.023190666068060257,0.0
2024-12-31,EqualWeight,-0.04817816198839056,0.09249882673481903,0.0
2024-12-31,MinVar,0.0012107059354452116,0.010760867085866179,2.0375434138122625e-05
2024-12-31,DRP,-0.02651653456756231,0.04765244479952398,0.004840710433747894
2024-12-31,MinCVaR,-0.0011985148058257767,0.011002941829286256,1.3444106938820255e-16
2024-12-31,MinCVaR_Cap,-0.012473428558722162,0.02324339888909805,0.0038429487789359154
2025-01-31,EqualWeight,0.02628769407265854,0.09249882673481903,0.0
2025-01-31,MinVar,0.00400839753989486,0.01074764526159546,0.0002297929984719121
2025-01-31,DRP,0.015118237919005576,0.04762807820164071,0.0020925424259838118
2025-01-31,MinCVaR,0.006721506320574354,0.011002941829286256,0.0
2025-01-31,MinCVaR_Cap,0.005514591372383425,0.02324339888909805,0.0
2025-02-28,EqualWeight,-0.006334788215442951,0.09249882673481903,0.0
2025-02-28,MinVar,0.00769886556479295,0.01075074616598629,5.3893177171025044e-05
2025-02-28,DRP,0.006111951051555955,0.04712133722800301,0.009930780831933862
2025-02-28,MinCVaR,0.007809982803875859,0.011002941829286256,0.0
2025-02-28,MinCVaR_Cap,0.018750888401380637,0.02324339888909805,0.0
2025-03-31,EqualWeight,-0.03690356032756187,0.09249882673481903,0.0
2025-03-31,MinVar,0.0047472364938820726,0.010713763512226606,0.0006427520684645172
2025-03-31,DRP,-0.014474573960513624,0.04714112897410375,0.0013680269845454014
2025-03-31,MinCVaR,0.003641602161445639,0.011002941829286256,4.740131898106625e-16
2025-03-31,MinCVaR_Cap,0.0014169111689676978,0.023243398889098058,7.806255641895632e-16
2025-04-30,EqualWeight,-0.015044601981263353,0.09249882673481903,0.0
2025-04-30,MinVar,0.006535363407395908,0.01062030759254294,0.0017800091522002283
2025-04-30,DRP,-0.0034739129852289917,0.04862143859871708,0.0159977743312896
2025-04-30,MinCVaR,0.0050030691956924975,0.011002941829286256,0.0
2025-04-30,MinCVaR_Cap,0.004773420870163116,0.023243398889098058,0.0
2025-05-31,EqualWeight,0.03542297706665897,0.07028084356229741,0.0
2025-05-31,MinVar,-0.002508208540124402,0.010594113531802424,0.007182974923943663
2025-05-31,DRP,0.015527414797517576,0.04451984286483032,0.053409793967365414
2025-05-31,MinCVaR,-0.00497757267340109,0.011002941829286256,0.0
2025-05-31,MinCVaR_Cap,-0.0029872580713890913,0.023243398889098058,0.0
2025-06-30,EqualWeight,0.03454075824860532,0.07028084356229741,0.0
2025-06-30,MinVar,0.006128725711546403,0.010609947713003732,0.004342073099580676
2025-06-30,DRP,0.021872391602440533,0.04493634775485225,0.009472124997053714
2025-06-30,MinCVaR,0.006773220285378175,0.01100294182928626,4.553649124439119e-16
2025-06-30,MinCVaR_Cap,0.00782699638406864,0.023243398889098058,2.1423834928313568e-16
2025-07-31,EqualWeight,0.011829680800696029,0.07028084356229741,0.0
2025-07-31,MinVar,-0.0007172701085585395,0.01060987426416229,2.0141252304493344e-05
2025-07-31,DRP,0.005294411540905446,0.04493810743041132,0.0018975957351287116
2025-07-31,MinCVaR,-0.0022170598139182062,0.01100294182928626,4.128641872824801e-16
2025-07-31,MinCVaR_Cap,-0.0026622899052054423,0.023243398889098064,4.419208055050916e-16
2025-08-31,EqualWeight,0.026412096453350624,0.07028084356229741,0.0
2025-08-31,MinVar,0.009019104802354119,0.010608913561647363,0.0002634452955749658
2025-08-31,DRP,0.018523493755931424,0.04506411690287712,0.0025402897103900257
2025-08-31,MinCVaR,0.010994193045030094,0.01100294182928626,1.8431436932253575e-16
2025-08-31,MinCVaR_Cap,0.011212361046399038,0.023243398889098064,7.138387103644561e-16
2025-09-30,EqualWeight,0.02010640991682394,0.07028084356229741,0.0
2025-09-30,MinVar,0.0028321261082390045,0.010608724891939664,5.173729238611281e-05
2025-09-30,DRP,0.013085290286716275,0.04518326177609011,0.004430297956648999
2025-09-30,MinCVaR,0.003492643986789619,0.011002941829286256,3.465110143263672e-16
2025-09-30,MinCVaR_Cap,0.003946300322383771,0.02324339888909806,9.634220504706192e-16
2025-10-31,EqualWeight,0.008750784804779067,0.07028084356229741,0.0
2025-10-31,MinVar,0.003215802153480251,0.010609109495218375,0.00010546649234707474
2025-10-31,DRP,0.006581516954792383,0.0455376992192494,0.005771983917165097
2025-10-31,MinCVaR,0.004725076639327717,0.011002941829286256,0.0
2025-10-31,MinCVaR_Cap,0.001638680815480569,0.02324339888909806,0.0
2025-11-30,EqualWeight,0.01094695998904127,0.07028084356229741,0.0
2025-11-30,MinVar,0.004555762831943377,0.010614059322003634,0.0013573489818408924
2025-11-30,DRP,0.009752239036249302,0.045634453459181525,0.0029401142379329587
2025-11-30,MinCVaR,0.008389589083159992,0.011002941829286256,3.3957212042246e-16
2025-11-30,MinCVaR_Cap,0.008075590001352682,0.023243398889098058,8.825405684032006e-16
2025-12-31,EqualWeight,-0.00236514884180487,0.07028084356229741,0.0
2025-12-31,MinVar,0.002891367497746942,0.010616154619687592,0.0005745756975659665
2025-12-31,DRP,-0.002450037591354917,0.04562454960500073,0.0014414488691005967
2025-12-31,MinCVaR,0.0021293456483187185,0.01100294182928626,6.375108774214766e-17
2025-12-31,MinCVaR_Cap,-0.0018336884650008746,0.023243398889098064,6.42715047849407e-16
2026-01-31,EqualWeight,0.026198183017890727,0.07028084356229741,0.0
2026-01-31,MinVar,0.003265023014145058,0.010618102331227392,0.0005341044020647191
2026-01-31,DRP,0.017047688269646748,0.04685887271724775,0.018649293041057065
2026-01-31,MinCVaR,0.0027191488028654675,0.011002941829286258,1.5005358067199381e-16
2026-01-31,MinCVaR_Cap,0.009355946222659109,0.023243398889098082,1.0930058941260867e-14
2026-02-28,EqualWeight,0.018457443443679382,0.07028084356229741,0.0
2026-02-28,MinVar,0.006108029357029585,0.01061835286668402,6.870221155629224e-05
2026-02-28,DRP,0.017273865262371603,0.04694388391892188,0.0019356994161250866
2026-02-28,MinCVaR,0.007167084649565949,0.011002941829286256,1.2923689896027213e-16
2026-02-28,MinCVaR_Cap,0.016883599556536948,0.023243398889098058,1.0485969731410805e-14
2026-03-31,EqualWeight,-0.0616480650382778,0.07028084356229741,0.0
2026-03-31,MinVar,-0.004522140412022212,0.010616062611085995,0.0006280373514055318
2026-03-31,DRP,-0.03987295568828748,0.04689415562851113,0.002052884254347664
2026-03-31,MinCVaR,-0.009354014691377964,0.011002941829286258,2.42861286636753e-17
2026-03-31,MinCVaR_Cap,-0.019536887816249883,0.023243398889098064,1.109138822452671e-15
